Authors,Article Title,Publication Year,Author Keywords,Keywords Plus,"Times Cited, WoS Core","Times Cited, All Databases",DOI Link,Research Areas,Intern Assigned
"O'Doherty, JE; Lebedev, MA; Ifft, PJ; Zhuang, KZ; Shokur, S; Bleuler, H; Nicolelis, MAL",Active tactile exploration using a brain-machine-brain interface,2011,,CORTICAL CONTROL; CORTEX; ARM; NEURONS; STIMULATION; GRIP; SKIN,451,561,http://dx.doi.org/10.1038/nature10489,Science & Technology - Other Topics,
"Flesher, SN; Downey, JE; Weiss, JM; Hughes, CL; Herrera, AJ; Tyler-Kabara, EC; Boninger, ML; Collinger, JL; Gaunt, RA",A brain-computer interface that evokes tactile sensations improves robotic arm control,2021,,CORTICAL CONTROL; MOTOR; PERFORMANCE; REPRESENTATION; RESTORATION; STIMULATION; TETRAPLEGIA; EXPERIENCE; PRIORITIES,370,452,http://dx.doi.org/10.1126/science.abd0380,Science & Technology - Other Topics,
"Brouwer, AM; van Erp, JBF",A tactile P300 brain-computer interface,2010,BCI; BMI; tactile; P300; somatosensory,,211,228,http://dx.doi.org/10.3389/fnins.2010.00019,Neurosciences & Neurology,
"Halder, S; Agorastos, D; Veit, R; Hammer, EM; Lee, S; Varkuti, B; Bogdan, M; Rosenstiel, W; Birbaumer, N; Kübler, A",Neural mechanisms of brain-computer interface control,2011,,SUPPLEMENTARY MOTOR AREA; CYTOARCHITECTONIC MAPS; MENTAL PRACTICE; FOOT MOVEMENTS; MU-RHYTHMS; IMAGERY; EEG; FMRI; ACTIVATION; CORTEX,133,157,http://dx.doi.org/10.1016/j.neuroimage.2011.01.021,"Neurosciences & Neurology; Radiology, Nuclear Medicine & Medical Imaging",
"Tan, D; Nijholt, A",Brain-Computer Interfaces and Human-Computer Interaction,2010,,COMMUNICATION,132,159,http://dx.doi.org/10.1007/978-1-84996-272-8_1,Computer Science,
"Makin, TR; Flor, H",Brain (re)organisation following amputation: Implications for phantom limb pain,2020,Neuroimaging; Cortical reorganisation; Phantom limb pain; Preserved function; Multivariate analysis; Pain treatment; Use-dependent plasticity,PRIMARY SOMATOSENSORY CORTEX; LARGE-SCALE REORGANIZATION; PRIMARY MOTOR CORTEX; CORTICAL REORGANIZATION; SOMATOTOPIC ORGANIZATION; SENSORIMOTOR CORTEX; MIRROR THERAPY; TOPOGRAPHIC REORGANIZATION; HAND REPRESENTATION; DIGIT SOMATOTOPY,116,137,http://dx.doi.org/10.1016/j.neuroimage.2020.116943,"Neurosciences & Neurology; Radiology, Nuclear Medicine & Medical Imaging","Chandrika, Chelsea"
"Kim, SP; Simeral, JD; Hochberg, LR; Donoghue, JP; Friehs, GM; Black, MJ",Point-and-Click Cursor Control With an Intracortical Neural Interface System by Humans With Tetraplegia,2011,Amyotrophic lateral sclerosis; human motor cortex; intracortical neural interface system; multi-state decoding; point-and-click control; quadriplegia; stroke,BRAIN-COMPUTER INTERFACE; ELECTROCORTICOGRAPHIC SIGNALS; CORTICAL REPRESENTATION; STATE; KINEMATICS; MOVEMENTS; DIRECTION; ARM,116,150,http://dx.doi.org/10.1109/TNSRE.2011.2107750,Engineering; Rehabilitation,
"Jin, J; Chen, ZM; Xu, R; Miao, YY; Wang, XY; Jung, TP",Developing a Novel Tactile P300 Brain-Computer Interface With a Cheeks-Stim Paradigm,2020,Electroencephalography; Electrodes; Visualization; Feature extraction; Wrist; Vibrations; Band-pass filters; Brain-computer interface (BCI); cheeks; P300; vibrotactile stimuli,BCI; SSVEP; REPRESENTATION; PROSTHESIS; MOTOR,99,105,http://dx.doi.org/10.1109/TBME.2020.2965178,Engineering,
"Shimoda, K; Nagasaka, Y; Chao, ZC; Fujii, N",Decoding continuous three-dimensional hand trajectories from epidural electrocorticographic signals in Japanese macaques,2012,,BRAIN-COMPUTER-INTERFACE; MOTOR CORTEX STIMULATION; CORTICAL STIMULATION; FINGER MOVEMENTS; NEUROPATHIC PAIN; TISSUE-RESPONSE; COMPLICATIONS; EEG; REPRESENTATION; REMOVAL,89,102,http://dx.doi.org/10.1088/1741-2560/9/3/036015,Engineering; Neurosciences & Neurology,
"Johnson, LA; Wander, JD; Sarma, D; Su, DK; Fetz, EE; Ojemann, JG",Direct electrical stimulation of the somatosensory cortex in humans using electrocorticography electrodes: a qualitative and quantitative report,2013,,TRANSCRANIAL MAGNETIC STIMULATION; THETA-BURST STIMULATION; MOTOR CORTEX; EVOKED POTENTIALS; SENSORIMOTOR CORTEX; PAIN THRESHOLDS; PERCEPTION; MICROSTIMULATION; BRAIN; REPRESENTATION,79,109,http://dx.doi.org/10.1088/1741-2560/10/3/036021,Engineering; Neurosciences & Neurology,
"Osuagwu, BCA; Wallace, L; Fraser, M; Vuckovic, A",Rehabilitation of hand in subacute tetraplegic patients based on brain computer interface and functional electrical stimulation: a randomised pilot study,2016,brain computer interface; functional electrical stimulation; tetraplegia; rehabilitation; hand,SPINAL-CORD-INJURY; CHRONIC STROKE; NEUROPATHIC PAIN; REORGANIZATION; DYNAMICS; BCI,74,83,http://dx.doi.org/10.1088/1741-2560/13/6/065002,Engineering; Neurosciences & Neurology,"Chandrika, Chelsea"
"Donati, ARC; Shokur, S; Morya, E; Campos, DSF; Moioli, RC; Gitti, CM; Augusto, PB; Tripodi, S; Pires, CG; Pereira, GA; Brasil, FL; Gallo, S; Lin, AA; Takigami, AK; Aratanha, MA; Joshi, S; Bleuler, H; Cheng, G; Rudolph, A; Nicolelis, MAL",Long-Term Training with a Brain-Machine Interface-Based Gait Protocol Induces Partial Neurological Recovery in Paraplegic Patients,2016,,SPINAL-CORD-INJURY; COMPUTER INTERFACE; MOTOR IMAGERY; BODY SCHEMA; WALKING; HAND; PAIN; STIMULATION; RELIABILITY; VALIDITY,70,125,http://dx.doi.org/10.1038/srep30383,Science & Technology - Other Topics,"Chandrika, Chelsea"
"Pandarinath, C; Ames, KC; Russo, AA; Farshchian, A; Miller, LE; Dyer, EL; Kao, JC",Latent Factors and Dynamics in Motor Cortex and Their Application to Brain-Machine Interfaces,2018,motor control; motor cortex; dynamical systems; brain-machine interfaces; neural population dynamics; machine learning,NEURAL STATE-SPACE; ARM MOVEMENTS; CORTICAL ACTIVITY; POPULATION-DYNAMICS; ALPHA-MOTONEURONES; GAUSSIAN-PROCESS; PREMOTOR CORTEX; CELL DISCHARGE; DIRECTION; NEURONS,68,97,http://dx.doi.org/10.1523/JNEUROSCI.1669-18.2018,Neurosciences & Neurology,
"Zhang, QS; Hu, SL; Talay, R; Xiao, ZD; Rosenberg, D; Liu, YL; Sun, GH; Li, AN; Caravan, B; Singh, A; Gould, JD; Chen, ZS; Wang, J",A prototype closed-loop brain-machine interface for the study and treatment of pain,2023,,ANTERIOR CINGULATE CORTEX; MEDIAL PREFRONTAL CORTEX; NEUROPATHIC PAIN; MOTOR CORTEX; ELECTRICAL-STIMULATION; THALAMIC-STIMULATION; AFFECTIVE COMPONENT; CORTICAL CONTROL; GRAY-MATTER; FACIAL-PAIN,62,70,http://dx.doi.org/10.1038/s41551-021-00736-7,Engineering,"Austin, Abhimanyu"
"Michelson, NJ; Eles, JR; Vazquez, AL; Ludwig, KA; Kozai, TDY","Calcium activation of cortical neurons by continuous electrical stimulation: Frequency dependence, temporal fidelity, and activation density",2019,bioelectric medicine; brain-computer interface; deep brain stimulation; microstimulation; neuroprosthetics,DEEP BRAIN-STIMULATION; IN-VIVO; INTRACORTICAL MICROSTIMULATION; PAIN REDUCTION; PARKINSONS-DISEASE; NEURAL ELECTRODES; VISUAL-CORTEX; MESSENGER-RNA; TISSUE; MOTOR,62,73,http://dx.doi.org/10.1002/jnr.24370,Neurosciences & Neurology,
"Sburlea, AI; Montesano, L; Minguez, J",Continuous detection of the self-initiated walking pre-movement state from EEG correlates without session-to-session recalibration,2015,BCI; motor intention; rehabilitation; session-to-session transfer; MRCP; ERD,EVENT-RELATED DESYNCHRONIZATION; CORTICAL POTENTIALS; MOTOR-IMAGERY; CHRONIC STROKE; GAIT; REHABILITATION; CLASSIFICATION; (DE)SYNCHRONIZATION; INTERFACE; RHYTHMS,62,64,http://dx.doi.org/10.1088/1741-2560/12/3/036007,Engineering; Neurosciences & Neurology,
"Abdalmalak, A; Milej, D; Norton, L; Debicki, DB; Gofton, T; Diop, M; Owen, AM; Lawrence, KS",Single-session communication with a locked-in patient by functional near-infrared spectroscopy,2017,functional near-infrared spectroscopy; time-resolved measurements; Guillain-Barre syndrome; motor imagery; brain-computer interface,OPTICAL-PROPERTIES; VEGETATIVE STATE; BRAIN ACTIVITY; SENSITIVITY; DISORDERS; ARTIFACTS; AWARENESS; DETECT,57,64,http://dx.doi.org/10.1117/1.NPh.4.4.040501,Neurosciences & Neurology; Optics,
"Jang, YY; Kim, TH; Lee, BH",Effects of Brain-Computer Interface-controlled Functional Electrical Stimulation Training on Shoulder Subluxation for Patients with Stroke: A Randomized Controlled Trial,2016,brain-computer interface; rehabilitation; shoulder subluxation; stroke,MODIFIED ASHWORTH SCALE; POSTSTROKE SPASTICITY; HEMIPLEGIC PATIENTS; PAIN; RELIABILITY; RECOVERY; REHABILITATION; FEASIBILITY; EFFICACY; GAIT,56,69,http://dx.doi.org/10.1002/oti.1422,Rehabilitation,"Harshini, Christine"
"Bruurmijn, MLCM; Pereboom, IPL; Vansteensel, MJ; Raemaekers, MAH; Ramsey, NF",Preservation of hand movement representation in the sensorimotor areas of amputees,2017,amputee; sensorimotor cortex; functional MRI; hand representation,PRIMARY MOTOR CORTEX; SOMATOSENSORY CORTEX; PHANTOM LIMB; FUNCTIONAL SOMATOTOPY; REORGANIZATION; FMRI; AMPUTATION; SYSTEM; PAIN; PLASTICITY,52,58,http://dx.doi.org/10.1093/brain/awx274,Neurosciences & Neurology,"Jason, Kaung"
"Bashashati, H; Ward, RK; Birch, GE; Bashashati, A",Comparing Different Classifiers in Sensory Motor Brain Computer Interfaces,2015,,STATISTICAL COMPARISONS; EEG; IMAGERY; DESIGN,51,64,http://dx.doi.org/10.1371/journal.pone.0129435,Science & Technology - Other Topics,
"Irwin, ZT; Schroeder, KE; Vu, PP; Bullard, AJ; Tat, DM; Nu, CS; Vaskov, A; Nason, SR; Thompson, DE; Bentley, JN; Patil, PG; Chestek, CA",Neural control of finger movement via intracortical brain-machine interface,2017,brain-machine interface; finger movement; intracortical recording; closed-loop control,MOTOR CORTICAL DISCHARGE; GRASP; REACH; HAND; ARM; INDEPENDENCE; TETRAPLEGIA; ENVIRONMENT; PROSTHESIS; KINEMATICS,43,56,http://dx.doi.org/10.1088/1741-2552/aa80bd,Engineering; Neurosciences & Neurology,
"Kreilinger, A; Neuper, C; Müller-Putz, GR",Error potential detection during continuous movement of an artificial arm controlled by brain-computer interface,2012,Brain-computer interface; Electroencephalogram; Error potential; Motor imagery,EEG-BASED COMMUNICATION; MOTOR IMAGERY; PATTERNS; ERP,43,48,http://dx.doi.org/10.1007/s11517-011-0858-4,Computer Science; Engineering; Mathematical & Computational Biology; Medical Informatics,
"Fouad, MM; Amin, KM; El-Bendary, N; Hassanien, AE",Brain Computer Interface: A Review,2015,Brain computer interface (BCI); Neuroimaging; Electroencephalography (EEG); Electrocorticography (ECoG); Magnetoencephalography (MEG); Near infrared spectroscopy (NIRS); Intracortical neuron recording; Functional magnetic resonance imaging (fMRI); Feature extraction,NEAR-INFRARED SPECTROSCOPY; BLIND SOURCE SEPARATION; HIGHER-ORDER STATISTICS; HIDDEN MARKOV-MODELS; SINGLE TRIAL EEG; FEATURE-EXTRACTION; FEATURE-SELECTION; WORKING-MEMORY; BCI; CLASSIFICATION,41,51,http://dx.doi.org/10.1007/978-3-319-10978-7_1,Computer Science; Neurosciences & Neurology,
"Hughes, C; Herrera, A; Gaunt, R; Collinger, J",Bidirectional brain-computer interfaces,2020,,REACH-TO-GRASP; ELECTRICAL-STIMULATION; INTRACORTICAL MICROSTIMULATION; SOMATOSENSORY CORTEX; OBJECT MANIPULATION; CORTICAL CONTROL; MOTOR CORTEX; ELECTROCORTICOGRAPHIC SIGNALS; MACHINE INTERFACES; NEURONAL ENSEMBLE,39,49,http://dx.doi.org/10.1016/B978-0-444-63934-9.00013-5,Computer Science; Engineering; Neurosciences & Neurology; Rehabilitation,
"Collinger, JL; Gaunt, RA; Schwartz, AB",Progress towards restoring upper limb movement and sensation through intracortical brain-computer interfaces,2018,Motor; Somatosensory; Bidirectional; Brain-computer interface; Neuroprosthetics,,39,49,http://dx.doi.org/10.1016/j.cobme.2018.11.005,Engineering,
"Leite, J; Morales-Quezada, L; Carvalho, S; Thibaut, A; Doruk, D; Chen, CF; Schachter, SC; Rotenberg, A; Fregni, F",Surface EEG-Transcranial Direct Current Stimulation (tDCS) Closed-Loop System,2017,EEG-tDCS closed-loop system; EEG algorithm; cognitive task; proof-of-concept,NONINVASIVE BRAIN-STIMULATION; PRIMARY MOTOR CORTEX; PHANTOM LIMB PAIN; ELECTRICAL-STIMULATION; WORKING-MEMORY; MAGNETIC STIMULATION; COMPUTER INTERFACES; SEIZURE PREDICTION; CLINICAL-TRIAL; EPILEPSY,39,48,http://dx.doi.org/10.1142/S0129065717500265,Computer Science,"Rhea, Ruhan"
"Shokur, S; Donati, ARC; Campos, DSF; Gitti, C; Bao, G; Fischer, D; Almeida, S; Braga, VAS; Augusto, P; Petty, C; Alho, EJL; Lebedev, M; Song, AW; Nicolelis, MAL","Training with brain-machine interfaces, visuotactile feedback and assisted locomotion improves sensorimotor, visceral, and psychological signs in chronic paraplegic patients",2018,,SPINAL-CORD-INJURY; MOTOR CORTEX STIMULATION; SACRAL NERVE-STIMULATION; OPEN-SOURCE SOFTWARE; QUALITY-OF-LIFE; COMPUTER INTERFACES; NEUROGENIC BLADDER; NEUROPATHIC PAIN; RECOVERY; REHABILITATION,37,38,http://dx.doi.org/10.1371/journal.pone.0206464,Science & Technology - Other Topics,"Tanvi, Tasnim"
"Scandola, M; Aglioti, SM; Pozeg, P; Avesani, R; Moro, V","Motor imagery in spinal cord injured people is modulated by somatotopic coding, perspective taking, and post-lesional chronic pain",2017,spinal cord injury; motor imagery; somatotopic plasticity; perspective taking; chronic pain,NEUROPATHIC PAIN; INTERNATIONAL STANDARDS; MENTAL ROTATION; ITALIAN VERSION; BODY SCHEMA; BRAIN; MOVEMENTS; REPRESENTATIONS; CLASSIFICATION; REORGANIZATION,34,37,http://dx.doi.org/10.1111/jnp.12098,Psychology,"Austin, Abhimanyu"
"Li, FC; Zhang, D; Chen, J; Tang, K; Li, XM; Hou, ZM",Research hotspots and trends of brain-computer interface technology in stroke: a bibliometric study and visualization analysis,2023,brain-computer interface; stroke; bibliometric; visualization analysis; VOSviewer; CiteSpace,MACHINE INTERFACES; BCI SYSTEM; NEUROREHABILITATION; REHABILITATION; COMMUNICATION; FEEDBACK; SCIENCE; PAIN; LIMB,31,31,http://dx.doi.org/10.3389/fnins.2023.1243151,Neurosciences & Neurology,"Harshini, Christine"
"Leeb, R; Pérez-Marcos, DP",Brain-computer interfaces and virtual reality for neurorehabilitation,2020,,MOTOR IMAGERY; CORTICAL REORGANIZATION; CHRONIC STROKE; MACHINE INTERFACE; BCI; REHABILITATION; RECOVERY; PAIN; COMMUNICATION; FRAMEWORK,29,35,http://dx.doi.org/10.1016/B978-0-444-63934-9.00014-7,Computer Science; Engineering; Neurosciences & Neurology; Rehabilitation,"Jason, Kaung"
"Sorger, B; Goebel, R",Real-time fMRI for brain-computer interfacing,2020,,RESONANCE-IMAGING NEUROFEEDBACK; CORTEX ACTIVITY; FUNCTIONAL MRI; REDUCTION; PAIN; ACTIVATION; THOUGHT; IMAGERY; EPI,28,39,http://dx.doi.org/10.1016/B978-0-444-63934-9.00021-4,Computer Science; Engineering; Neurosciences & Neurology; Rehabilitation,
"Pattnaik, PK; Sarraf, J",Brain Computer Interface issues on hand movement,2018,BCI; Non invasive; Feature extraction; EEG,,28,34,http://dx.doi.org/10.1016/j.jksuci.2016.09.006,Computer Science,
"Vase, L; Egsgaard, LL; Nikolajsen, L; Svensson, P; Jensen, TS; Arendt-Nielsen, L",Pain catastrophizing and cortical responses in amputees with varying levels of phantom limb pain: a high-density EEG brain-mapping study,2012,Phantom limb pain; Pain catastrophizing; EEG; Hypervigilance; Attentional model; SII,ADJUSTMENT; REORGANIZATION; REPRESENTATION; AMPUTATION; SIGNALS; CORTEX,28,30,http://dx.doi.org/10.1007/s00221-012-3027-6,Neurosciences & Neurology,
"Chen, D; Zhang, HH; Kavitha, PT; Loy, FL; Ng, SH; Wang, CC; Phua, KS; Tjan, SY; Yang, SY; Guan, CT",Scalp EEG-Based Pain Detection Using Convolutional Neural Network,2022,Pain; Electroencephalography; Task analysis; Convolutional neural networks; Machine learning; Brain modeling; IEEE transactions; Pain detection; chronic pain; EEG; CNN,CLASSIFICATION,27,32,http://dx.doi.org/10.1109/TNSRE.2022.3147673,Engineering; Rehabilitation,
"Zhang, SY; Yoshida, W; Mano, H; Yanagisawa, T; Mancini, F; Shibata, K; Kawato, M; Seymour, B",Pain Control by Co-adaptive Learning in a Brain-Machine Interface,2020,,FMRI NEUROFEEDBACK; EMOTION REGULATION; OFFSET ANALGESIA; PERCEPTION; SYSTEM; REAL; CONNECTIVITY; INFORMATION; ACTIVATION; MECHANISM,27,30,http://dx.doi.org/10.1016/j.cub.2020.07.066,Biochemistry & Molecular Biology; Life Sciences & Biomedicine - Other Topics; Cell Biology,
"Sreeja, SR; Himanshu; Samanta, D",Distance-based weighted sparse representation to classify motor imagery EEG signals for BCI applications,2020,Electroencephalography (EEG); Brain computer interface (BCI); Motor imagery (MI); Sparsity-based classification; Weighted sparse representation,BRAIN-COMPUTER-INTERFACE; SPATIAL-PATTERNS; NEURAL-NETWORKS; CLASSIFICATION; DECOMPOSITION; ROBUST,27,29,http://dx.doi.org/10.1007/s11042-019-08602-0,Computer Science; Engineering,
"Ding, KQ; Dragomir, A; Bose, R; Osborn, LE; Seet, MS; Bezerianos, A; Thakor, N",Towards machine to brain interfaces: sensory stimulation enhances sensorimotor dynamic functional connectivity in upper limb amputees,2020,sensory stimulation; EEG; functional connectivity; temporal dynamics; sensorimotor processing,NEURAL ACTIVITY; MOTOR; NETWORK; INTEGRATION; CORTEX; PREMOTOR; INFORMATION; EXECUTION; AREAS; HAND,26,27,http://dx.doi.org/10.1088/1741-2552/ab882d,Engineering; Neurosciences & Neurology,
"Sreeja, SR; Samanta, D",Classification of multiclass motor imagery EEG signal using sparsity approach,2019,Electroencephalogram; Motor imagery; Brain computer interface; Sparse representation; Sparsity-based classification,BRAIN-COMPUTER-INTERFACE; COMMON SPATIAL-PATTERNS; REPRESENTATION; ALGORITHMS; SELECTION; MACHINE,26,31,http://dx.doi.org/10.1016/j.neucom.2019.08.037,Computer Science,
"Wang, J; Chen, Z",Neuromodulation for Pain Management,2019,Pain management; Neuromodulation; Brain-computer interfaces; Circuit-based neural signature,DEEP BRAIN-STIMULATION; SPINAL-CORD STIMULATION; MEDIAN-PARAFASCICULAR COMPLEX; MOTOR CORTEX STIMULATION; CHRONIC BACK-PAIN; ANTERIOR CINGULATE; ELECTRICAL-STIMULATION; THALAMIC-STIMULATION; NUCLEUS-ACCUMBENS; AFFECTIVE COMPONENT,26,31,http://dx.doi.org/10.1007/978-981-13-2050-7_8,Engineering; Neurosciences & Neurology,"Rhea, Ruhan"
"Wang, K; Wang, ZP; Guo, Y; He, F; Qi, HZ; Xu, MP; Ming, D",A brain-computer interface driven by imagining different force loads on a single hand: an online feasibility study,2017,Force load; Motor imagery; Electroencephalogram (EEG); Event related Desynchronization (ERD); Brain computer Interface (BCI),MOTOR IMAGERY; STROKE PATIENTS; ACTIVATION; EMG,26,36,http://dx.doi.org/10.1186/s12984-017-0307-1,Engineering; Neurosciences & Neurology; Rehabilitation,
"Vuckovic, A; Wallace, L; Allan, DB",Hybrid Brain-Computer Interface and Functional Electrical Stimulation for Sensorimotor Training in Participants With Tetraplegia: A Proof-of-Concept Study,2015,brain-computer interface; even-related desynchronization; functional electrical stimulation; motor imagery; tetraplegia,SPINAL-CORD-INJURY; MOTOR IMAGERY; NEUROPATHIC PAIN; REORGANIZATION; PLASTICITY; RECOVERY; INDIVIDUALS; CORTEX; BCI,26,35,http://dx.doi.org/10.1097/NPT.0000000000000063,Neurosciences & Neurology; Rehabilitation,"Tanvi, Tasnim"
"Tayeb, Z; Bose, R; Dragomir, A; Osborn, LE; Thakor, NV; Cheng, G",Decoding of Pain Perception using EEG Signals for a Real-Time Reflex System in Prostheses: A Case Study,2020,,HUMANS,25,30,http://dx.doi.org/10.1038/s41598-020-62525-7,Science & Technology - Other Topics,"Abhimanyu, Austin"
"Rupp, R",Spinal cord lesions,2020,,BRAIN-COMPUTER INTERFACES; NEUROPATHIC PAIN; TROSPIUM CHLORIDE; CORTICAL ACTIVITY; QUANTITATIVE EEG; UPPER EXTREMITY; WAVE ACTIVITY; INJURY; PREVALENCE; RESTORATION,25,29,http://dx.doi.org/10.1016/B978-0-444-63934-9.00006-8,Computer Science; Engineering; Neurosciences & Neurology; Rehabilitation,
"Di Pino, G; Piombino, V; Carassiti, M; Ortiz-Catalan, M",Neurophysiological models of phantom limb pain: what can be learnt,2021,Phantom limb; Pathophysiology; Neuronal plasticity; Body image,DIRECT-CURRENT STIMULATION; CORTICAL REORGANIZATION; MOTOR CORTEX; RECEPTOR ANTAGONIST; STUMP PAIN; AMPUTATION; PERCEPTION; MEMANTINE; SENSATION; PLASTICITY,22,25,http://dx.doi.org/10.23736/S0375-9393.20.15067-3,Anesthesiology; General & Internal Medicine,"Christine, Harshini"
"Mattia, D; Pichiorri, F; Colamarino, E; Masciullo, M; Morone, G; Toppi, J; Pisotta, I; Tamburella, F; Lorusso, M; Paolucci, S; Puopolo, M; Cincotti, F; Molinari, M","The Promotoer, a brain-computer interface-assisted intervention to promote upper limb functional motor recovery after stroke: a study protocol for a randomized controlled trial to test early and long-term efficacy and to identify determinants of response",2020,EEG-based brain-computer interface; Stroke; Hand functional motor recovery; Brain plasticity; Motor learning; Motor imagery; Neurorehabilitation,REHABILITATION; IMPAIRMENT; IMAGERY; RELIABILITY; THERAPY; DESIGN,22,31,http://dx.doi.org/10.1186/s12883-020-01826-w,Neurosciences & Neurology,"Jason, Kaung"
"Mwata-Velu, T; Ruiz-Pinales, J; Rostro-Gonzalez, H; Ibarra-Manzano, MA; Cruz-Duarte, JM; Avina-Cervantes, JG",Motor Imagery Classification Based on a Recurrent-Convolutional Architecture to Control a Hexapod Robot,2021,brain-computer interface; EEG motor imagery; CNN-LSTM architectures; real-time motion imagery recognition,BRAIN COMPUTER-INTERFACE,21,24,http://dx.doi.org/10.3390/math9060606,Mathematics,
"Thomschewski, A; Ströhlein, A; Langthaler, PB; Schmid, E; Potthoff, J; Höller, P; Leis, S; Trinka, E; Höller, Y",Imagine There Is No Plegia. Mental Motor Imagery Difficulties in Patients with Traumatic Spinal Cord Injury,2017,spinal cord injury (SCI); motor imagery (MI); movement imagination; rehabilitation; neuroprostheses,FUNCTIONAL ELECTRICAL-STIMULATION; BRAIN-COMPUTER INTERFACE; NEUROPATHIC PAIN; DEPRESSION; REHABILITATION; MOVEMENTS; REPRESENTATIONS; NEUROPLASTICITY; CLASSIFICATION; INDIVIDUALS,20,21,http://dx.doi.org/10.3389/fnins.2017.00689,Neurosciences & Neurology,"Rhea, Ruhan"
"Carra, M; Balbinot, A",Evaluation of Sensorimotor Rhythms to Control a Wheelchair,2013,Electroencephalography; Classifier Learning Vector Quantizatio; Brain-Computer Interface (BCI); control wheelchair,,19,26,,Mathematical & Computational Biology; Robotics,
"Besio, W; Sharma, V; Spaulding, J",The Effects of Concentric Ring Electrode Electrical Stimulation on Rat Skin,2010,Noninvasive electrical stimulation; Transcutaneous electrical stimulation; Electrical-thermal coupled field analysis; Infrared thermography,DISPERSIVE ELECTRODES; BURNS; DEFIBRILLATION; TISSUE; BRAIN; INTERFACE,18,19,http://dx.doi.org/10.1007/s10439-009-9891-y,Engineering,
"Tidoni, E; Tieri, G; Aglioti, SM",Re-establishing the disrupted sensorimotor loop in deafferented and deefferented people: The case of spinal cord injuries,2015,Sensorimotor loop; Spinal cord injury; Brain computer interface; Embodiment; Brain plasticity; Chronic pain,BRAIN-COMPUTER INTERFACE; RUBBER HAND ILLUSION; MOTOR SYSTEM FUNCTION; NEUROPATHIC PAIN; CORTICAL REORGANIZATION; FUNCTIONAL REORGANIZATION; PHANTOM SENSATIONS; EVOKED-POTENTIALS; WAVE ACTIVITY; CORTEX,17,19,http://dx.doi.org/10.1016/j.neuropsychologia.2015.06.029,Behavioral Sciences; Neurosciences & Neurology; Psychology,"Tanvi, Tasnim"
"Vuckovic, A; Hasan, MA; Osuagwu, B; Fraser, M; Allan, DB; Conway, BA; Nasseroleslami, B",The influence of central neuropathic pain in paraplegic patients on performance of a motor imagery based Brain Computer Interface,2015,EEG; Motor imagery; BCI; Paraplegia; Central neuropathic pain; Event related synchronisation/desynchronisation,EEG; CLASSIFICATION; REORGANIZATION; FEASIBILITY; PREVALENCE; DYNAMICS; BCI,17,21,http://dx.doi.org/10.1016/j.clinph.2014.12.033,Neurosciences & Neurology,"Abhimanyu, Austin"
"Kothari, M; Svensson, P; Huo, XL; Ghovanloo, M; Baad-Hansen, L",Motivational conditions influence tongue motor performance,2013,monetary reward; motivation; self-controlled practice; Tongue Drive System; tongue-training,CORTICOMOTOR CONTROL; COMPUTER INTERFACE; SKILL; TASK; GENDER; PLASTICITY; RESPONSES; BRAIN; MUSCULATURE; CONCURRENT,17,18,http://dx.doi.org/10.1111/eos.12022,"Dentistry, Oral Surgery & Medicine",
"Colamarino, E; Lorusso, M; Pichiorri, F; Toppi, J; Tamburella, F; Serratore, G; Riccio, A; Tomaiuolo, F; Bigioni, A; Giove, F; Scivoletto, G; Cincotti, F; Mattia, D",DiSCIoser: unlocking recovery potential of arm sensorimotor functions after spinal cord injury by promoting activity-dependent brain plasticity by means of brain-computer interface technology: a randomized controlled trial to test efficacy,2023,EEG-based Brain-Computer Interface; Spinal cord injury; Hand functional sensorimotor recovery; Brain plasticity; Motor imagery; Neurorehabilitation,INTERRATER RELIABILITY; MOTOR RECOVERY; SCALE; RESTORATION; INDIVIDUALS; INVENTORY; IMAGERY; VERSION; PEOPLE; PAIN,16,16,http://dx.doi.org/10.1186/s12883-023-03442-w,Neurosciences & Neurology,"Christine, Harshini"
"Savic, AM; Novicic, M; Dordevic, O; Konstantinovic, L; Miler-Jerkovic, V",Novel electrotactile brain-computer interface with somatosensory event-related potential based control,2023,brain computer interface (BCI); event-related potentials (ERP); electrical stimulation; somatosensory evoked potential (SEP); tactile attention; tactile BCI; machine learning,EVOKED POTENTIALS; POINTS,16,17,http://dx.doi.org/10.3389/fnhum.2023.1096814,Neurosciences & Neurology; Psychology,
"Yao, L; Jiang, N; Mrachacz-Kersting, N; Zhu, XY; Farina, D; Wang, YM",Reducing the Calibration Time in Somatosensory BCI by Using Tactile ERD,2022,Brain-computer interface (BCI); tactile event-related desynchronization (ERD); somatosensory BCI; imagined sensation,BRAIN-COMPUTER-INTERFACE; COMMON SPATIAL-PATTERNS; STEADY-STATE RESPONSES; MOTOR IMAGERY; ELECTRICAL-STIMULATION; EVOKED POTENTIALS; EEG; (DE)SYNCHRONIZATION; DISCRIMINATION; REHABILITATION,15,15,http://dx.doi.org/10.1109/TNSRE.2022.3184402,Engineering; Rehabilitation,
"Kaas, A; Goebel, R; Valente, G; Sorger, B",Topographic Somatosensory Imagery for Real-Time fMRI Brain-Computer Interfacing,2019,tactile; human; real-time fMRI; MVPA; somatotopy,HUMAN PARIETAL OPERCULUM; REGIONAL PAIN SYNDROME; SPATIAL NAVIGATION; DIGIT SOMATOTOPY; TACTILE IMAGERY; MENTAL IMAGES; CORTEX; COMMUNICATION; AREAS; 3B,15,17,http://dx.doi.org/10.3389/fnhum.2019.00427,Neurosciences & Neurology; Psychology,
"Aurucci, GV; Preatoni, G; Damiani, A; Raspopovic, S",Brain-Computer Interface to Deliver Individualized Multisensory Intervention for Neuropathic Pain,2023,Neuropathic pain; Transcutaneous electrical nerve stimulation; Virtual reality; EEG; Skin conductance; BCI,DIABETIC POLYNEUROPATHY; OSCILLATORY ACTIVITY; VIRTUAL-REALITY; ORIGIN,14,18,http://dx.doi.org/10.1007/s13311-023-01396-y,Neurosciences & Neurology; Pharmacology & Pharmacy,
"Proverbio, AM; Pischedda, F",Measuring brain potentials of imagination linked to physiological needs and motivational states,2023,EEG; ERP; mental imagery; motivational states; ERP markers; brain computer interface (BCI),EARLY VISUAL-CORTEX; MENTAL-IMAGERY; MOTOR IMAGERY; PERCEPTION; APPETITE; SYSTEM; GYRUS; HEAT; COLD,14,15,http://dx.doi.org/10.3389/fnhum.2023.1146789,Neurosciences & Neurology; Psychology,
"Li, H; Liu, M; Yu, X; Zhu, JQ; Wang, CF; Chen, XY; Feng, C; Leng, JC; Zhang, Y; Xu, FZ",Coherence based graph convolution network for motor imagery-induced EEG after spinal cord injury,2023,electroencephalogram; motor imagery; brain-computer interface; coherence-based graph convolutional network; spinal cord injury,FUNCTIONAL CONNECTIVITY; CHRONIC PAIN,14,14,http://dx.doi.org/10.3389/fnins.2022.1097660,Neurosciences & Neurology,"Jason, Kaung"
"Wriessnegger, SC; Bauernfeind, G; Kurz, EM; Raggam, P; Müller-Putz, GR",Imagine squeezing a cactus: Cortical activation during affective motor imagery measured by functional near-infrared spectroscopy,2018,,BRAIN-COMPUTER-INTERFACE; MENTAL-IMAGERY; KINESTHETIC IMAGERY; PAIN PERCEPTION; DEFAULT MODE; BOLD SIGNAL; CORTEX; NETWORK; TOOL; MODULATION,14,16,http://dx.doi.org/10.1016/j.bandc.2018.07.006,Neurosciences & Neurology; Psychology,"Rhea, Ruhan"
"Chen, Y; Zhang, GK; Guan, LX; Gong, C; Ma, BZ; Hao, HW; Li, LM",Progress in the development of a fully implantable brain-computer interface: the potential of sensing-enabled neurostimulators,2022,,PREDICTION,13,19,http://dx.doi.org/10.1093/nsr/nwac099,Science & Technology - Other Topics,
"Deo, DR; Rezaii, P; Hochberg, LR; Okamura, AM; Shenoy, K; Henderson, JM",Effects of Peripheral Haptic Feedback on Intracortical Brain-Computer Interface Control and Associated Sensory Responses in Motor Cortex,2021,Haptic interfaces; Neck; Force; Sensitivity; Probes; Skin; Visualization; Neuroprosthetics; brain-machine interfaces; artificial proprioceptive feedback; sensorimotor processing,PYRAMIDAL TRACT NEURONS; REACHING MOVEMENTS; SINGLE NEURON; PERFORMANCE; PROPRIOCEPTION; IMPAIRMENTS; INTEGRATION; HAND; SKIN; DISCRIMINATION,13,15,http://dx.doi.org/10.1109/TOH.2021.3072615,Computer Science,"Tanvi, Tasnim"
"Pokorny, C; Breitwieser, C; Müller-Putz, GR",The Role of Transient Target Stimuli in a Steady-State Somatosensory Evoked Potential-Based Brain-Computer Interface Setup,2016,brain-computer interface (BCI); steady-state somatosensory evoked potential (SSSEP); P300; electroencephalography (EEG); tactile stimulation; transient target stimulus,SPATIAL ATTENTION; VIBRATION; ARTIFACTS; HAND,13,14,http://dx.doi.org/10.3389/fnins.2016.00152,Neurosciences & Neurology,
"Demarest, P; Rustamov, N; Swift, J; Xie, T; Adamek, M; Cho, H; Wilson, E; Han, ZY; Belsten, A; Luczak, N; Brunner, P; Haroutounian, S; Leuthardt, EC",A novel theta-controlled vibrotactile brain-computer interface to treat chronic pain: a pilot study,2024,,TRANSCRANIAL MAGNETIC STIMULATION; PREFRONTAL CORTEX; CLINICAL-TRIALS; OUTCOME MEASURES; PLASTICITY; RTMS; EEG; MINDFULNESS; RECOVERY; REORGANIZATION,12,14,http://dx.doi.org/10.1038/s41598-024-53261-3,Science & Technology - Other Topics,
"Marino, S; Jassar, H; Kim, DJ; Lim, M; Nascimento, TD; Dinov, ID; Koeppe, RA; DaSilva, AF",Classifying migraine using PET compressive big data analytics of brain's μ-opioid and D2/D3 dopamine neurotransmission,2023,migraine disease; artificial intelligence; dopamine (raclopride); mu-opioid (carfentanil); computer-aided diagnosis; PET imaging data; CBDA,PAIN; SUPPORT; CONNECTIVITY; ACTIVATION; ALLODYNIA; DISEASE; PUTAMEN; CORTEX; MRI,12,13,http://dx.doi.org/10.3389/fphar.2023.1173596,Pharmacology & Pharmacy,
"Xu, FZ; Wang, CF; Yu, X; Zhao, JZ; Liu, M; Zhao, JQ; Gao, LC; Jiang, XQ; Zhu, ZX; Wu, YJ; Wang, DZ; Feng, SX; Yin, S; Zhang, Y; Leng, JC",One-Dimensional Local Binary Pattern and Common Spatial Pattern Feature Fusion Brain Network for Central Neuropathic Pain,2023,Spinal cord injury; central nervous pain; functional connectivity; phase locking value; motor imagery,SPINAL-CORD-INJURY; SINGLE TRIAL EEG; FUNCTIONAL CONNECTIVITY; DEFAULT-MODE; MOTOR RECOVERY; EPILEPTIC EEG; GRAPH-THEORY; CLASSIFICATION; CORTEX; REORGANIZATION,12,13,http://dx.doi.org/10.1142/S0129065723500302,Computer Science,
"Zeng, FG; Tran, P; Richardson, M; Sun, SP; Xu, YC",Human Sensation of Transcranial Electric Stimulation,2019,,DEEP BRAIN-STIMULATION; CUTANEOUS SENSATION; VISUAL-CORTEX; HEARING-LOSS; PERCEPTION; ADAPTATION; SAFETY; MODEL; MOTOR; MODULATION,12,17,http://dx.doi.org/10.1038/s41598-019-51792-8,Science & Technology - Other Topics,
"Fried-Oken, M; Mooney, A; Peters, B; Oken, B",A clinical screening protocol for the RSVP Keyboard brain-computer interface,2015,Augmentative and alternative communication; brain-computer interface; cognition; locked-in syndrome; screening,LOCKED-IN SYNDROME; ALTERNATIVE COMMUNICATION; COGNITIVE IMPAIRMENT; PAIN; REHABILITATION; TECHNOLOGY; PEOPLE; ACCESS; SERIES; HEAD,12,16,http://dx.doi.org/10.3109/17483107.2013.836684,Rehabilitation,
"Eggers, TE; Dweiri, YM; McCallum, GA; Durand, DM",Recovering Motor Activation with Chronic Peripheral Nerve Computer Interface,2018,,INFORMATION; RECORDINGS; PROSTHESES; EXTRACTION; SIGNALS; SYSTEM,11,13,http://dx.doi.org/10.1038/s41598-018-32357-7,Science & Technology - Other Topics,
"Horki, P; Neuper, C; Pfurtscheller, G; Müller-Putz, G",Asynchronous steady-state visual evoked potential based BCI control of a 2-DoF artificial upper limb,2010,brain-computer interface (BCI); canonical correlation analysis (CCA); electroencephalogram (EEG); hand and elbow neuroprosthesis; neuroprosthesis; steady-state visual evoked potential (SSVEP),BRAIN-COMPUTER INTERFACES; MOTOR IMAGERY; SWITCH; COMMUNICATION; PROSTHESIS; SEARCH,11,11,http://dx.doi.org/10.1515/BMT.2010.044,Engineering; Medical Informatics,
"Pais-Vieira, C; Figueiredo, JG; Perrotta, A; Matos, D; Aguiar, M; Ramos, J; Gato, M; Poleri, T; Pais-Vieira, M",Activation of a Rhythmic Lower Limb Movement Pattern during the Use of a Multimodal Brain-Computer Interface: A Case Study of a Clinically Complete Spinal Cord Injury,2024,spinal cord injury; brain-computer interface; virtual reality; multimodal stimulation; central gait pattern generator,PAIN; SCALE; EMBODIMENT; GENERATORS; VALIDATION; PLASTICITY; OWNERSHIP; FREQUENCY; SEVERITY; LIFE,10,11,http://dx.doi.org/10.3390/life14030396,Life Sciences & Biomedicine - Other Topics; Microbiology,
"Pais-Vieira, C; Gaspar, P; Matos, D; Alves, LP; da Cruz, BM; Azevedo, MJ; Gago, M; Poleri, T; Perrotta, A; Pais-Vieira, M",Embodiment Comfort Levels During Motor Imagery Training Combined With Immersive Virtual Reality in a Spinal Cord Injury Patient,2022,embodiment; bodily experience; spinal cord injured (SCI); brain-machine (computer) interface; comfort and human perception; tactile; thermal; virtual reality,NEUROPATHIC PAIN; BODY OWNERSHIP; BRAIN; SCALE; BCI; REHABILITATION; VALIDATION; SEVERITY; ILLUSION,10,14,http://dx.doi.org/10.3389/fnhum.2022.909112,Neurosciences & Neurology; Psychology,
"Tayeb, Z; Dragomir, A; Lee, JH; Abbasi, NI; Dean, E; Bandla, A; Bose, R; Sundar, R; Bezerianos, A; Thakor, N; Cheng, G",Distinct spatio-temporal and spectral brain patterns for different thermal stimuli perception,2022,,ANTERIOR CINGULATE CORTEX; CEREBRAL RESPONSES; ACUTE PAIN; EEG; FMRI; SEGMENTATION; SIGNALS; HUMANS; SYSTEM; HAND,10,11,http://dx.doi.org/10.1038/s41598-022-04831-w,Science & Technology - Other Topics,
"Quick, KM; Weiss, JM; Clemente, F; Gaunt, RA; Collinger, JL",Intracortical Microstimulation Feedback Improves Grasp Force Accuracy in a Human Using a Brain-Computer Interface,2020,,SENSORY FEEDBACK,10,12,http://dx.doi.org/10.1109/embc44109.2020.9175926,Engineering,
"Lee, MB; Kramer, DR; Peng, T; Barbaro, MF; Liu, CY; Kellis, S; Lee, B",Brain-Computer Interfaces in Quadriplegic Patients,2019,Brain-computer interfaces (BCI); Neuromodulation; Brain-machine interfaces (BMI); Functional electrical stimulation (FES),RANDOMIZED CONTROLLED-TRIAL; POSTERIOR PARIETAL CORTEX; SPINAL-CORD STIMULATION; ELECTRICAL-STIMULATION; NEUROPATHIC PAIN; FOLLOW-UP; TETRAPLEGIA; ELECTRODES; MOVEMENT; INJURY,10,14,http://dx.doi.org/10.1016/j.nec.2018.12.009,Neurosciences & Neurology; Surgery,
"Khanam, T; Siuly, S; Wang, H",An optimized artificial intelligence based technique for identifying motor imagery from EEGs for advanced brain computer interface technology,2023,Brain computer interface (BCI); Electroencephalogram (EEG); Motor imagery (MI); Machine learning; Common spatial pattern (CSP); Medium K nearest neighbor (MKNN),CHANNEL SELECTION; CLASSIFICATION,9,9,http://dx.doi.org/10.1007/s00521-022-08027-1,Computer Science,"Abhimanyu, Austin"
"Saif, MGM; Hassan, MA; Vuckovic, A",Efficacy evaluation of neurofeedback applied for treatment of central neuropathic pain using machine learning,2021,Electroencephalography; Neuropathic pain; Neurofeedback training; Motor imagery; EEG classification; Paraplegic patients; BCI,EEG; CLASSIFICATION; SIGNALS; ELECTROENCEPHALOGRAPHY; MECHANISMS; MANAGEMENT,9,11,http://dx.doi.org/10.1007/s42452-020-04035-9,Science & Technology - Other Topics,
"Folgheraiter, M; Kirchner, EA; Seeland, A; Kim, SK; Jordan, M; Woehrle, H; Bongardt, B; Schmidt, S; Albiez, JC; Kirchner, F",A MULTIMODAL BRAIN-ARM INTERFACE FOR OPERATION OF COMPLEX ROBOTIC SYSTEMS AND UPPER LIMB MOTOR RECOVERY,2011,Haptic Interface; Bio-Inspired Design; Brain-Computer Interface; Wearable Exoskeleton; Support Vector Machine; Adaptive Brain Reading Interface; Electroencephalogram; Lateralized Readiness Potential; Bereitschaftspotential,SINGLE-TRIAL EEG; CLASSIFICATION,9,9,,Engineering,
"Liu, YD; Wang, JJ; Yin, EW; Yu, Y; Zhou, ZT; Hu, DW",An Tactile ERP-Based Brain-Computer Interface for Communication,2019,,BCI; VISION; SYSTEM; ROBOT; TOUCH; P300,8,9,http://dx.doi.org/10.1080/10447318.2018.1471839,Computer Science; Engineering,
"Tang, JS; Zhou, ZT; Yu, Y",A Hybrid Brain Computer Interface for Robot Arm Control,2016,Brain Computer Interface; EEG; EMG; Robotic Arm,BCI,8,9,http://dx.doi.org/10.1109/ITME.2016.159,Computer Science,
"Wang, J; Chen, ZS",Closed-loop neural interfaces for pain: Where do we stand?,2024,,,7,8,http://dx.doi.org/10.1016/j.xcrm.2024.101662,Cell Biology; Research & Experimental Medicine,
"Herron, J; Kremen, V; Simeral, JD; Dawes, H; Worrell, GA; Starr, PA; Denison, T; Borton, D",The convergence of neuromodulation and brain-computer interfaces,2024,,,7,9,http://dx.doi.org/10.1038/s44222-024-00187-0,Engineering; Materials Science,
"Dehzangi, O; Zou, Y; Jafari, R",Simultaneous classification of motor imagery and SSVEP EEG signals,2013,,BRAIN-COMPUTER INTERFACES,7,7,,Engineering; Neurosciences & Neurology,
"Lun, XM; Zhang, YF; Zhu, MY; Lian, YH; Hou, YM",A Combined Virtual Electrode-Based ESA and CNN Method for MI-EEG Signal Feature Extraction and Classification,2023,brain-computer interface (BCI); electroencephalography (EEG); motor imagery (MI); EEG source analysis (ESA); convolutional neural network (CNN),BRAIN-COMPUTER INTERFACE; MOTOR IMAGERY; PREFRONTAL CORTEX; CHANNEL SELECTION; COMMUNICATION; TECHNOLOGY; INTENTION; MOVEMENT,6,7,http://dx.doi.org/10.3390/s23218893,Chemistry; Engineering; Instruments & Instrumentation,
"Norton, L; Graham, M; Kazazian, K; Gofton, T; Weijer, C; Debicki, D; Fernandez-Espejo, D; Al Thenayan, E; Owen, AM",Use of functional magnetic resonance imaging to assess cognition and consciousness in severe Guillain-Barre syndrome,2023,Guillain-Barre syndrome; Functional magnetic resonance imaging; Functional neuroimaging; Augmentative and alternative communication,BRAIN-COMPUTER-INTERFACE; DETECTING AWARENESS; DISORDERS; COMMUNICATION; PATHOGENESIS; VALIDATION; NETWORKS; PEOPLE; PAIN; EEG,6,8,http://dx.doi.org/10.1016/j.ijchp.2022.100347,Psychology,
"Steele, AG; Manson, GA; Horner, PJ; Sayenko, DG; Contreras-Vidal, JL",Effects of transcutaneous spinal stimulation on spatiotemporal cortical activation patterns: a proof-of-concept EEG study,2022,EEG; functional connectivity; spinal cord; spinal stimulation; movement; cortical activation; EEG source reconstruction,SUPPLEMENTARY MOTOR AREA; CORD STIMULATION; PERIAQUEDUCTAL GRAY; VOLUNTARY MOVEMENTS; NEURAL MECHANISMS; PREMOTOR CORTEX; INJURY; HUMANS; PAIN; ORGANIZATION,6,9,http://dx.doi.org/10.1088/1741-2552/ac7b4b,Engineering; Neurosciences & Neurology,
"Guan, S; Li, JX; Wang, FW; Yuan, Z; Kang, XG; Lu, B",Discriminating three motor imagery states of the same joint for brain- computer interface,2021,Brain-computer interface; Motor imagery; Local mean decomposition; Cloud model; Common spatial pattern; Multi-objective grey wolf optimizer; Twin support vector machine,COMMON SPATIAL-PATTERN; GREY WOLF OPTIMIZER; FEATURE-EXTRACTION; EEG SIGNALS; CLASSIFICATION; CSP; PERFORMANCE; SELECTION; FEATURES,6,6,http://dx.doi.org/10.7717/peerj.12027,Science & Technology - Other Topics,
"Kashefi, M; Daliri, MR",A stack LSTM structure for decoding continuous force from local field potential signal of primary motor cortex (M1),2021,LFP; Force decoding; LSTM; BCI,GRASP KINEMATICS; REMOVAL; FILTER; REACH,6,7,http://dx.doi.org/10.1186/s12859-020-03953-0,Biochemistry & Molecular Biology; Biotechnology & Applied Microbiology; Mathematical & Computational Biology,
"Salisbury, DB; Driver, S; Parsons, TD",Brain-computer interface targeting non-motor functions after spinal cord injury: a case report,2015,,,6,7,http://dx.doi.org/10.1038/sc.2014.230,Neurosciences & Neurology; Rehabilitation,"Christine, Harshini"
"Bobby, JS; Kapali, BSC; Kumar, US; Femina, MA",QCBO-WSVM: Quantum chaos butterfly optimization-based weighted support vector machine for neuropathic pain detection from EEG signal,2023,brain-computer Interface; central nervous system injury; central neuropathic pain; common spatial patterns; nature-inspired optimization; weighted incremental-decremental support vector machine classifier,NEUROFEEDBACK,5,5,http://dx.doi.org/10.1002/ima.22882,Engineering; Optics; Imaging Science & Photographic Technology,
"Zhang, ZJ; Koike, Y",Clustered event related spectral perturbation (ERSP) feature in right hand motor imagery classification,2022,brain-computer interface (BCI); motor imagery (MI); event related spectral perturbation (ERSP); right hand; same limb; clustered features,BRAIN-COMPUTER INTERFACES; COMMON SPATIAL-PATTERN; MENTAL SIMULATION; WAVELET TRANSFORM; EEG; ALGORITHMS; SELECTION,5,6,http://dx.doi.org/10.3389/fnins.2022.867480,Neurosciences & Neurology,"Jason, Kaung"
"González-Zamorano, Y; Fernández-Carnero, J; Sánchez-Cuesta, FJ; Arroyo-Ferrer, A; Vourvopoulos, A; Figueiredo, P; Serrano, JI; Romero, JP",New Approaches Based on Non-Invasive Brain Stimulation and Mental Representation Techniques Targeting Pain in Parkinson's Disease Patients: Two Study Protocols for Two Randomized Controlled Trials,2021,Parkinson’ s Disease; transcranial direct current stimulation; action observation; motor imagery; pain,,5,6,http://dx.doi.org/10.3390/brainsci11010065,Neurosciences & Neurology,
"Taschereau-Dumouchel, V; Roy, M",Could Brain Decoding Machines Change Our Minds?,2020,,,5,6,http://dx.doi.org/10.1016/j.tics.2020.09.006,Behavioral Sciences; Neurosciences & Neurology; Psychology,
"Levy, TJ; Beaty, JD",Revolutionizing Prosthetics: Neuroscience Framework,2011,,,5,5,,Engineering,
"Al-Nafjan, A; Alshehri, H; Aldayel, M",Objective Pain Assessment Using Deep Learning Through EEG-Based Brain-Computer Interfaces,2025,brain-computer interface (BCI); electroencephalography (EEG); pain assessment; artificial intelligence; deep learning,,4,6,http://dx.doi.org/10.3390/biology14020210,Life Sciences & Biomedicine - Other Topics,"Rhea, Ruhan"
"Shamsi, F; Haddad, A; Najafizadeh, L",Recognizing Pain in Motor Imagery EEG Recordings Using Dynamic Functional Connectivity Graphs,2020,,THERMAL PAIN; CLASSIFICATION,4,6,,Engineering,
"Duan, SC; Wang, C; Li, MY; Long, XG; Wu, XY; Feng, W",Haptic and Visual Enhance-based Motor Imagery BCI for Rehabilitation Lower-Limb Exoskeleton,2019,motor imagery; visual; haptic; lower-limb exoskeleton; rehabilitation,CLASSIFICATION; FEEDBACK,4,4,,Automation & Control Systems; Computer Science; Engineering; Robotics,
"Nappenfeld, N; Giefing, GJ",Applying Fitts' Law to a Brain-Computer Interface controlling a 2D Pointing Device,2018,Brain computer interface (BCI); Fitts' law; man machine interface; human-computer interaction; two-dimensional cursor control; robot operation system (ROS),CURSOR CONTROL; SYSTEM,4,4,http://dx.doi.org/10.1109/SMC.2018.00025,Computer Science,"Tanvi, Tasnim"
"Kono, S; Aminaka, D; Makino, S; Rutkowski, TM",EEG Signal Processing and Classification for the Novel Tactile-Force Brain-Computer Interface Paradigm,2013,EEG; tactile BCI; brain signal processing; brain somatosensory evoked response,,4,5,http://dx.doi.org/10.1109/SITIS.2013.132                                            https://arxiv.org/pdf/1310.1593,Computer Science; Engineering,
"Walter, A; Naros, G; Roth, A; Rosenstiel, W; Gharabaghi, A; Bogdan, M",A brain-computer interface for chronic pain patients using epidural ECoG and visual feedback,2012,Brain-computer interfaces; chronic pain; phantom limb; stroke; electrocorticography,PHANTOM-LIMB,4,5,,Engineering; Medical Informatics,